<?xml version="1.0" encoding="UTF-8"?>
<!DOCTYPE suite SYSTEM "http://testng.org/testng-1.0.dtd">
<suite name="All Test Suite">
    <test verbose="2" preserve-order="true"
          name="C:/Users/Vinod TA/Google Drive/1. TATrainingAndPlacements/QA Automation/QA Automation 2019/Nov 14 2019/ReadOnly - Nov 14 2019/Vinod/TestNGSample/src/SecondClass.java">
        <parameter name="browser" value="chrome"></parameter>
        <classes>
            <class name="SecondClass"></class>
        </classes>
    </test>


</suite>